Name,Middle name,Surname
Barbara,NA,Jones
Amelia,Margaret,O'Kelly
Noah,NA,Johnson
Oliver,NA,Smith
Isla,Bethany,Wilson
Isabella,Victoria,Williams
Liam,NA,O'Sullivan
William,NA,Lam
Ava,NA,Brown
Isabella,NA,Walsh
Sophia,NA,Martin
Poppy,Joanne,Taylor
Emily,Elizabeth,Gelbero
Elizabeth,NA,Davies
Emma,NA,O'Brien
Linda,NA,Miller
Jennifer,NA,Roy
Patricia,NA,Byrne
James,NA,Tremblay
Mia,NA,Morton
Jake,NA,Singh
Mason,NA,Thomas
Mary,NA,O'Connor
Charlie,Kyle,Rodriguez
Jacob,NA,Gagnon
Jacob,NA,Martin
Connor,NA,Anderson
Michael,NA,Roberts
Olivia,Samantha,O'Neill
Olivia,NA,Li
Robert,NA,Murphy
John,NA,Green
Ava,Megan,Chopin
